0.tiff,1
1.tiff,1
2.tiff,1
3.tiff,1
4.tiff,1
5.tiff,1
6.tiff,1
7.tiff,1
8.tiff,1
9.tiff,1
10.tiff,1
11.tiff,1
12.tiff,1
13.tiff,1
14.tiff,1
15.tiff,1
16.tiff,1
17.tiff,1
18.tiff,1
19.tiff,1
20.tiff,1
21.tiff,1
22.tiff,1
23.tiff,1
24.tiff,1
25.tiff,1
26.tiff,1
27.tiff,1
28.tiff,1
29.tiff,1
30.tiff,1
31.tiff,1
32.tiff,1
33.tiff,1
34.tiff,1
35.tiff,1
36.tiff,1
37.tiff,1
38.tiff,1
39.tiff,1
40.tiff,1
41.tiff,1
42.tiff,1
43.tiff,1
44.tiff,1
45.tiff,1
46.tiff,2
47.tiff,1
48.tiff,1
49.tiff,1
50.tiff,2
51.tiff,1
52.tiff,1
53.tiff,1
54.tiff,1
55.tiff,1
56.tiff,1
57.tiff,1
58.tiff,1
59.tiff,1
60.tiff,1
61.tiff,1
62.tiff,1
63.tiff,1
64.tiff,1
65.tiff,1
66.tiff,1
67.tiff,1
68.tiff,1
69.tiff,1
70.tiff,1
71.tiff,1
72.tiff,1
73.tiff,1
74.tiff,1
75.tiff,1
76.tiff,1
77.tiff,1
78.tiff,1
79.tiff,1
80.tiff,1
81.tiff,1
82.tiff,1
83.tiff,1
84.tiff,1
85.tiff,1
86.tiff,1
87.tiff,1
88.tiff,1
89.tiff,1
90.tiff,2
91.tiff,1
92.tiff,1
93.tiff,1
94.tiff,1
95.tiff,2
96.tiff,1
97.tiff,1
98.tiff,1
99.tiff,1
100.tiff,1
101.tiff,1
102.tiff,1
103.tiff,1
104.tiff,1
105.tiff,1
106.tiff,1
107.tiff,1
108.tiff,1
109.tiff,1
110.tiff,1
111.tiff,1
112.tiff,1
113.tiff,2
114.tiff,2
115.tiff,2
116.tiff,2
117.tiff,2
118.tiff,2
119.tiff,2
120.tiff,2
121.tiff,2
122.tiff,2
123.tiff,2
124.tiff,2
125.tiff,2
126.tiff,2
127.tiff,2
128.tiff,2
129.tiff,2
130.tiff,2
131.tiff,2
132.tiff,2
133.tiff,2
134.tiff,2
135.tiff,2
136.tiff,2
137.tiff,2
138.tiff,2
139.tiff,2
140.tiff,2
141.tiff,2
142.tiff,2
143.tiff,2
144.tiff,2
145.tiff,2
146.tiff,2
147.tiff,2
148.tiff,2
149.tiff,2
150.tiff,2
151.tiff,2
152.tiff,2
153.tiff,2
154.tiff,2
155.tiff,2
156.tiff,2
157.tiff,2
158.tiff,2
159.tiff,2
160.tiff,2
161.tiff,2
162.tiff,2
163.tiff,2
164.tiff,2
165.tiff,2
166.tiff,2
167.tiff,2
168.tiff,2
169.tiff,2
170.tiff,2
171.tiff,2
172.tiff,2
173.tiff,2
174.tiff,2
175.tiff,2
176.tiff,2
177.tiff,2
178.tiff,2
179.tiff,2
180.tiff,2
181.tiff,2
182.tiff,2
183.tiff,2
184.tiff,2
185.tiff,2
186.tiff,2
187.tiff,2
188.tiff,2
189.tiff,2
190.tiff,2
191.tiff,2
192.tiff,2
193.tiff,2
194.tiff,2
195.tiff,2
196.tiff,2
197.tiff,2
198.tiff,2
199.tiff,2
200.tiff,2
201.tiff,2
202.tiff,2
203.tiff,2
204.tiff,2
205.tiff,2
206.tiff,2
207.tiff,2
208.tiff,2
209.tiff,2
210.tiff,2
211.tiff,2
212.tiff,2
213.tiff,2
214.tiff,2
215.tiff,2
216.tiff,2
217.tiff,2
218.tiff,2
219.tiff,2
220.tiff,2
221.tiff,2
222.tiff,2
223.tiff,2
224.tiff,2
225.tiff,2
226.tiff,3
227.tiff,3
228.tiff,3
229.tiff,3
230.tiff,3
231.tiff,3
232.tiff,3
233.tiff,3
234.tiff,3
235.tiff,3
236.tiff,3
237.tiff,3
238.tiff,3
239.tiff,3
240.tiff,3
241.tiff,3
242.tiff,3
243.tiff,3
244.tiff,3
245.tiff,3
246.tiff,3
247.tiff,3
248.tiff,3
249.tiff,3
250.tiff,3
251.tiff,3
252.tiff,3
253.tiff,3
254.tiff,3
255.tiff,3
256.tiff,3
257.tiff,3
258.tiff,3
259.tiff,3
260.tiff,3
261.tiff,3
262.tiff,3
263.tiff,3
264.tiff,3
265.tiff,3
266.tiff,3
267.tiff,3
268.tiff,3
269.tiff,3
270.tiff,3
271.tiff,3
272.tiff,3
273.tiff,3
274.tiff,3
275.tiff,3
276.tiff,4
277.tiff,3
278.tiff,3
279.tiff,3
280.tiff,3
281.tiff,3
282.tiff,3
283.tiff,3
284.tiff,3
285.tiff,3
286.tiff,3
287.tiff,3
288.tiff,3
289.tiff,3
290.tiff,3
291.tiff,3
292.tiff,3
293.tiff,3
294.tiff,3
295.tiff,3
296.tiff,3
297.tiff,3
298.tiff,3
299.tiff,3
300.tiff,4
301.tiff,3
302.tiff,3
303.tiff,3
304.tiff,3
305.tiff,3
306.tiff,3
307.tiff,3
308.tiff,3
309.tiff,3
310.tiff,3
311.tiff,3
312.tiff,3
313.tiff,3
314.tiff,3
315.tiff,3
316.tiff,3
317.tiff,3
318.tiff,4
319.tiff,4
320.tiff,4
321.tiff,4
322.tiff,4
323.tiff,4
324.tiff,4
325.tiff,4
326.tiff,4
327.tiff,4
328.tiff,4
329.tiff,4
330.tiff,4
331.tiff,4
332.tiff,4
333.tiff,4
334.tiff,4
335.tiff,4
336.tiff,4
337.tiff,4
338.tiff,4
339.tiff,4
340.tiff,4
341.tiff,4
342.tiff,4
343.tiff,4
344.tiff,4
345.tiff,4
346.tiff,4
347.tiff,4
348.tiff,4
349.tiff,4
350.tiff,4
351.tiff,4
352.tiff,4
353.tiff,4
354.tiff,4
355.tiff,4
356.tiff,4
357.tiff,4
358.tiff,4
359.tiff,4
360.tiff,4
361.tiff,4
362.tiff,4
363.tiff,4
364.tiff,4
365.tiff,4
366.tiff,4
367.tiff,4
368.tiff,4
369.tiff,4
370.tiff,5
371.tiff,5
372.tiff,5
373.tiff,5
374.tiff,5
375.tiff,5
376.tiff,5
377.tiff,5
378.tiff,5
379.tiff,5
380.tiff,5
381.tiff,5
382.tiff,5
383.tiff,5
384.tiff,5
385.tiff,5
386.tiff,5
387.tiff,5
388.tiff,5
389.tiff,5
390.tiff,5
391.tiff,5
392.tiff,5
393.tiff,5
394.tiff,5
395.tiff,5
396.tiff,5
397.tiff,5
398.tiff,5
399.tiff,5
400.tiff,5
